,count,mean,std,min,25%,50%,75%,max,median
investable_aum_usd,271.0,27892737.927970476,41167485.31791875,1106680.76,3645603.84,11265132.72,23996928.74,187427131.8,11265132.72
annual_income_usd,271.0,2180307.168191882,3316239.603162114,73788.52,267744.67000000004,885814.63,1951340.6,16778907.3,885814.63
total_debt_usd,271.0,4262016.849520294,7736609.62054497,317.8,471792.57,1171098.47,4324129.67,40956246.43,1171098.47
relationship_tenure_months,271.0,47.76383763837639,28.827255981799716,0.0,20.5,50.0,75.0,96.0,50.0
equity_pct,271.0,16.718856088560884,10.995524164385396,0.52,8.34,14.18,23.189999999999998,64.43,14.18
fixed_income_pct,271.0,16.928892988929892,10.286936496046401,0.69,8.92,15.75,23.25,49.69,15.75
performance_ytd,271.0,0.05597232472324724,0.12834116372121762,-0.2771,-0.04725,0.0523,0.15295,0.4059,0.0523
